task,cand_name,cand_pos,cand_neg,method,slope,slope_std,mean_of_means,std_across_templates,worst_case_mean,anti_mean,anti_worst
boolq,yes/no,yes,no,decode_est,0.0015869140152062768,0.0,0.0015869140625,0.002389482920989394,-0.00042724609375,0.3515625,0.3828125
boolq,yes/no,yes,no,decode_beta0.25,0.0009358723679421632,0.0,0.0009358723764307797,0.002232214668765664,-0.00115966796875,0.3619791567325592,0.390625
boolq,yes/no,yes,no,decode_beta0.5,0.001485188757821259,0.0,0.0014851888408884406,0.0028525185771286488,-0.00091552734375,0.34765625,0.37109375
boolq,yes/no,yes,no,decode_beta0.75,0.00014241536033902482,0.0,0.00014241535973269492,0.0030689346604049206,-0.0029296875,0.3697916567325592,0.4453125
boolq,yes/no,yes,no,decode_fixed,0.000406901029540071,0.0,0.00040690103196538985,0.00157144945114851,-0.00146484375,0.34375,0.3671875
boolq,yes/no,yes,no,rand_matched,-0.00048828123544808504,0.007928921009132256,-0.00048828125,0.001370344660244882,-0.0020385743118822575,0.3843750059604645,0.40703123807907104
