task,cand_name,cand_pos,cand_neg,method,slope,slope_std,mean_of_means,std_across_templates,worst_case_mean,anti_mean,anti_worst
boolq,yes/no,yes,no,decode_est,0.0065917966785491505,0.0,0.006591796875,0.005573003552854061,-0.00128173828125,0.4401041567325592,0.45703125
boolq,yes/no,yes,no,decode_beta0.25,0.007527669046491313,0.0,0.0075276694260537624,0.003939592279493809,0.0028076171875,0.4453125,0.45703125
boolq,yes/no,yes,no,decode_beta0.5,0.007710774509784345,0.0,0.0077107748948037624,0.0024687612894922495,0.0045166015625,0.43359375,0.4453125
boolq,yes/no,yes,no,decode_beta0.75,0.008117675539324416,0.0,0.00811767578125,0.0016833610134199262,0.00689697265625,0.4453125,0.46875
boolq,yes/no,yes,no,decode_fixed,0.007141113068428246,0.0,0.00714111328125,0.0021446426399052143,0.00445556640625,0.4583333432674408,0.46484375
boolq,yes/no,yes,no,rand_matched,-0.029146320745955284,0.039610839105778624,-0.02914631925523281,0.014044956304132938,-0.04697265475988388,0.5653645396232605,0.6156250238418579
