task,cand_name,cand_pos,cand_neg,method,slope,slope_std,mean_of_means,std_across_templates,worst_case_mean,anti_mean,anti_worst
sst2,Good/Bad,Good,Bad,decode_est,0.03175862535560254,0.0,0.0317586250603199,0.00596238486468792,0.02337646484375,0.09765625,0.12890625
sst2,Good/Bad,Good,Bad,decode_beta0.25,0.03124999906867745,0.0,0.03125,0.0067417374812066555,0.021728515625,0.1067708358168602,0.14453125
sst2,Good/Bad,Good,Bad,decode_beta0.5,0.030456542061074312,0.0,0.03045654296875,0.0056621418334543705,0.022705078125,0.1028645858168602,0.125
sst2,Good/Bad,Good,Bad,decode_beta0.75,0.02775065021463284,0.0,0.02775065042078495,0.0048361350782215595,0.021728515625,0.1015625,0.1328125
sst2,Good/Bad,Good,Bad,decode_fixed,0.02419026620615722,0.0,0.02419026754796505,0.006472093053162098,0.016845703125,0.12890625,0.171875
sst2,Good/Bad,Good,Bad,rand_matched,-0.0009114583061697601,0.01694022376130606,-0.0009114583372138441,0.0024121853057295084,-0.0033325194381177425,0.3817708492279053,0.4359374940395355
