task,cand_name,cand_pos,cand_neg,method,slope,slope_std,mean_of_means,std_across_templates,worst_case_mean,anti_mean,anti_worst
sst2,Good/Bad,Good,Bad,decode_est,0.03277405253726087,0.0,0.032774053514003754,0.006523217540234327,0.023655042052268982,0.0911458358168602,0.11328125
sst2,Good/Bad,Good,Bad,decode_beta0.25,0.03227982822220042,0.0,0.03227983042597771,0.006339837331324816,0.023314014077186584,0.09765625,0.125
sst2,Good/Bad,Good,Bad,decode_beta0.5,0.03105023410766619,0.0,0.03105023503303528,0.006178492680191994,0.022451087832450867,0.1015625,0.12890625
sst2,Good/Bad,Good,Bad,decode_beta0.75,0.028871637219042463,0.0,0.02887163870036602,0.006090459879487753,0.0209101140499115,0.1171875,0.171875
sst2,Good/Bad,Good,Bad,decode_fixed,0.025687177210434953,0.0,0.02568717859685421,0.006124135106801987,0.018642470240592957,0.1380208283662796,0.203125
sst2,Good/Bad,Good,Bad,rand_matched,-0.00047651279539328504,0.017137606879351244,-0.00047651282511651516,0.0025561759248375893,-0.003210286842659116,0.4554687440395355,0.520312488079071
