task,cand_name,cand_pos,cand_neg,method,slope,slope_std,mean_of_means,std_across_templates,worst_case_mean,anti_mean,anti_worst
sst2,Good/Bad,Good,Bad,decode_est,0.03175862535560254,0.0,0.0317586250603199,0.00596238486468792,0.02337646484375,0.09765625,0.12890625
sst2,Good/Bad,Good,Bad,decode_beta0.25,0.033182778958992784,0.0,0.0331827811896801,0.006116590462625027,0.0245361328125,0.0872395858168602,0.109375
sst2,Good/Bad,Good,Bad,decode_beta0.5,0.034566242459429034,0.0,0.0345662422478199,0.006423561833798885,0.0263671875,0.08984375,0.12109375
sst2,Good/Bad,Good,Bad,decode_beta0.75,0.033671060194440876,0.0,0.0336710624396801,0.00747729791328311,0.0263671875,0.0872395858168602,0.1171875
sst2,Good/Bad,Good,Bad,decode_fixed,0.025553384655116456,0.0,0.02555338479578495,0.009074121713638306,0.016357421875,0.1015625,0.16796875
sst2,Good/Bad,Good,Bad,rand_matched,-0.0009114583061697601,0.01694022376130606,-0.0009114583372138441,0.0024121853057295084,-0.0033325194381177425,0.3817708492279053,0.4359374940395355
