task,cand_name,cand_pos,cand_neg,method,slope,slope_std,mean_of_means,std_across_templates,worst_case_mean,anti_mean,anti_worst
sst2,Good/Bad,Good,Bad,decode_est,0.011759439753708061,0.0,0.011759440414607525,0.18546605110168457,-0.14117431640625,0.4986979067325592,0.7265625
sst2,Good/Bad,Good,Bad,decode_beta0.25,0.013753254798454396,0.0,0.013753254897892475,0.1899738311767578,-0.1441650390625,0.4921875,0.70703125
sst2,Good/Bad,Good,Bad,decode_beta0.5,0.012125650680294107,0.0,0.012125651352107525,0.19007444381713867,-0.1500244140625,0.4973958432674408,0.71875
sst2,Good/Bad,Good,Bad,decode_beta0.75,0.01298014284232826,0.0,0.012980143539607525,0.18577419221401215,-0.1495361328125,0.4947916567325592,0.72265625
sst2,Good/Bad,Good,Bad,decode_fixed,0.009256998422036615,0.0,0.009256999008357525,0.17547611892223358,-0.14794921875,0.4986979067325592,0.73046875
sst2,Good/Bad,Good,Bad,rand_matched,-0.02338053315737248,0.09196697528108708,-0.02338053286075592,0.011362957768142223,-0.034912109375,0.5322917103767395,0.5718749761581421
