task,cand_name,cand_pos,cand_neg,method,slope,slope_std,mean_of_means,std_across_templates,worst_case_mean,anti_mean,anti_worst
sst2,Good/Bad,Good,Bad,decode_est,0.00992338453958279,0.0,0.00992338452488184,0.012552855536341667,-0.0007392577826976776,0.40625,0.43359375
sst2,Good/Bad,Good,Bad,decode_beta0.25,0.011478514378909834,0.0,0.011478514410555363,0.012954505160450935,0.00021241232752799988,0.4010416567325592,0.44921875
sst2,Good/Bad,Good,Bad,decode_beta0.5,0.012956410260307484,0.0,0.012956410646438599,0.013240538537502289,0.001144111156463623,0.40234375,0.44921875
sst2,Good/Bad,Good,Bad,decode_beta0.75,0.014288426261491786,0.0,0.014288426376879215,0.013384278863668442,0.0020120181143283844,0.3919270932674408,0.453125
sst2,Good/Bad,Good,Bad,decode_fixed,0.015410615292868555,0.0,0.01541061606258154,0.01337075512856245,0.0027733221650123596,0.3958333432674408,0.46484375
sst2,Good/Bad,Good,Bad,rand_matched,0.0012045021741240573,0.011359832936766835,0.0012045021867379546,0.011351298540830612,-0.008226815611124039,0.5049479007720947,0.559374988079071
