task,cand_name,cand_pos,cand_neg,method,slope,slope_std,mean_of_means,std_across_templates,worst_case_mean,anti_mean,anti_worst
boolq,Yes/No,Yes,No,decode_est,0.038349141776090605,0.0,0.03834914043545723,0.0019313555676490068,0.03565399721264839,0.33984375,0.36328125
boolq,Yes/No,Yes,No,decode_beta0.25,0.037278295935840526,0.0,0.037278298288583755,0.0022526453249156475,0.03409262001514435,0.3424479067325592,0.37109375
boolq,Yes/No,Yes,No,decode_beta0.5,0.03574312868486458,0.0,0.03574312850832939,0.0026187978219240904,0.03206586092710495,0.3333333432674408,0.359375
boolq,Yes/No,Yes,No,decode_beta0.75,0.03371828569814705,0.0,0.0337182842195034,0.00300414371304214,0.029571034014225006,0.3307291567325592,0.36328125
boolq,Yes/No,Yes,No,decode_fixed,0.03122626462401158,0.0,0.03122626431286335,0.003385600633919239,0.026653623208403587,0.3268229067325592,0.36328125
boolq,Yes/No,Yes,No,rand_matched,-0.009970363615343066,0.019262149089989,-0.009970364160835743,0.001512773334980011,-0.011849619448184967,0.5596354007720947,0.569531261920929
