task,cand_name,cand_pos,cand_neg,method,slope,slope_std,mean_of_means,std_across_templates,worst_case_mean,anti_mean,anti_worst
arc_challenge_pair,1/2,1,2,decode_est,0.012573241812788192,0.0,0.0125732421875,0.0038909611757844687,0.0079345703125,0.2174479216337204,0.25
arc_challenge_pair,1/2,1,2,decode_beta0.25,0.013570149335161366,0.0,0.013570149429142475,0.003630893537774682,0.010009765625,0.2174479216337204,0.25
arc_challenge_pair,1/2,1,2,decode_beta0.5,0.010559081716564842,0.0,0.01055908203125,0.0032815502490848303,0.00811767578125,0.2369791716337204,0.25390625
arc_challenge_pair,1/2,1,2,decode_beta0.75,0.009073892958743583,0.0,0.009073893539607525,0.003969736397266388,0.0048828125,0.2513020932674408,0.30859375
arc_challenge_pair,1/2,1,2,decode_fixed,-0.0024414061772404256,0.0,-0.00244140625,0.0034766830503940582,-0.00689697265625,0.3880208432674408,0.4609375
arc_challenge_pair,1/2,1,2,rand_matched,0.004671223819120014,0.00894819911018362,0.0046712239272892475,0.00221609091386199,0.0029541016556322575,0.3101562559604645,0.3421874940395355
