task,cand_name,cand_pos,cand_neg,method,slope,slope_std,mean_of_means,std_across_templates,worst_case_mean,anti_mean,anti_worst
boolq,yes/no,yes,no,decode_est,0.0015869140152062768,0.0,0.0015869140625,0.002389482920989394,-0.00042724609375,0.3515625,0.3828125
boolq,yes/no,yes,no,decode_beta0.25,-0.0003051757721550533,0.0,-0.00030517578125,0.0014975395752117038,-0.001708984375,0.3815104067325592,0.3984375
boolq,yes/no,yes,no,decode_beta0.5,6.1035154431010644e-05,0.0,6.103515625e-05,0.0013409225502982736,-0.00128173828125,0.3684895932674408,0.40625
boolq,yes/no,yes,no,decode_beta0.75,0.0003255208236320568,0.0,0.00032552084303461015,0.0027251739520579576,-0.00341796875,0.3463541567325592,0.40234375
boolq,yes/no,yes,no,decode_fixed,0.0030924478245045396,0.0,0.0030924479942768812,0.003991883713752031,-0.00164794921875,0.3177083432674408,0.37109375
boolq,yes/no,yes,no,rand_matched,-0.00048828123544808504,0.007928921009132256,-0.00048828125,0.001370344660244882,-0.0020385743118822575,0.3843750059604645,0.40703123807907104
