task,cand_name,cand_pos,cand_neg,method,slope,slope_std,mean_of_means,std_across_templates,worst_case_mean,anti_mean,anti_worst
arc_challenge_pair,Yes/No,Yes,No,decode_est,0.011263752641367336,0.0,0.011263753287494183,0.00417390326038003,0.005383782088756561,0.34765625,0.39453125
arc_challenge_pair,Yes/No,Yes,No,decode_beta0.25,0.010600166700278718,0.0,0.010600167326629162,0.004429396707564592,0.00440400093793869,0.3489583432674408,0.42578125
arc_challenge_pair,Yes/No,Yes,No,decode_beta0.5,0.00964750569122516,0.0,0.009647506289184093,0.004655915778130293,0.0032057538628578186,0.3567708432674408,0.453125
arc_challenge_pair,Yes/No,Yes,No,decode_beta0.75,0.008374017724175719,0.0,0.008374017663300037,0.004814882762730122,0.0018133223056793213,0.3658854067325592,0.4765625
arc_challenge_pair,Yes/No,Yes,No,decode_fixed,0.0068114174362594645,0.0,0.006811417639255524,0.004871945828199387,0.00030338019132614136,0.3880208432674408,0.51171875
arc_challenge_pair,Yes/No,Yes,No,rand_matched,0.0015500942404043402,0.0011601494170293035,0.0015500943409278989,0.0011358719784766436,8.396953489864245e-05,0.4749999940395355,0.4937500059604645
